Shunaka,5yawwjGbFGcVtn22j8OHA6
V:RGO,556XyBuO17TCo0Bviw5nCW,7Ah7ps8S6EDjEPiWWRbLW9,100
Bliznacite,2oy9qGLJFdgnJGcEYyZGmZ
Fyre,5Qp3JNCRbT2jq54o50tq4F
Marso,1UUQq3z2RCIqSE1eiP00Jv,3fvywKR7TJzLEgksFPAHRr,100
Dimoff,0lWhRqKSRYsM6QpHaFuZXP
MBT,7iCQglTnIkivy8E3yP7WMd,6qgfbbSJUMEt4bK2cgnK5f,45
MurdaBoyz,3HhRZJNEEgnTNEJ7LGKYT9
MITREVV,29JDW7YBoYLyRs7mUg2Lzq
Yung Stoney,0TX7v9oEBlLLzUbDi9uBMi
VLAYZ,0gVk79qaaGNbwz3ydkmqwG
44SANCHEZZ,2Cluto27DVvnPBH0jZM2D5
Knifepoint,2pXf0OcpNL8UXTVWWaxf12
FALLWME,3MxRJgCkb6Ysx5ZHrZDmTZ,2maHWP50tfyUM4DIaC48X3,100
TASKATA,3i4DTiadv2gnNizmi7nMZW
Rizziatta,4GnyxayfC823P4cQ87aiud
thanks teddy,4ogtO0GahA1T7lXDCldpms
piripiri,1b61yBllYpgU4HlkzTtYjW
Ratimid,6Lj8BNQXUpH5CeW68RNYXx
Tarikata,6g2FqVaYfRyTgIAQbE3kNP
Steph Purpy,0bz2CQnSgpIcIZjCLdaJSf
Pameca,0hs8wBDrwEpKkie3o9r7W2
Gena,3MqzFFAm4gc6nzAcWE2gjT
Emil TRF,3zM12oJgWeFu7k2kl9I3UB,7Ah7ps8S6EDjEPiWWRbLW9,100
Secta,7r2WZwr18ayXKb9pYXHRDg
Slim NiK,3Tbgy4VnjKtc8LFnN47DTw
Jhinfuego,5G5EKDjwR8EZ4764huMtWO
DEVA,6ZzXca3mU4mYLI0bGLWyvt
Danny G,4FcpwBQqxFd1Mmpk0qoUzN
Jluch,1u5aZFA7fAmHyKsn5EkyW3
Grigovor,0zPqnt6HE9KMcndhYl0U9R
STRUGARE,5ef1BiCCyo9tE54wlnJomI
kileumre,4lGovDQvUDTp2UtjjNd7kD
Imera,56JBPEz5firzdkcFkYdVUq
Novem,1PrJzjgb0IPCIL9HF7zSGL
BM,27Uy7A0cZaY0DF2Xu3jffN,7dIMk9WD4Q6zenoCibMWyu,50
Yung Mici,1yovvU5X4bE5nzBptCjRRG
Mom4eto,5f1C9EB4G4MrxxmWmZP5Wo
Bandata na Ruba,12fCNCkYtNfyBZ3zjFGri8
DJAANY,4YxOSRWSET3zYduQyQyPFa
Boro Purvi,27m6NrJXMbLGlkoGBUy2IV
Bobo Armani,1qlcFQMEzCTkYb6TsvirQg,0msxvaLjlsLIudZFYaRFCP,100
Trap19 Connection,6AjCPcn7DKLntjmAL4zpL2,7mS7mxisesmhZi4n3wdzh3,100
Gringod,48icBZywzELehMYCdthR3C
Young BB Young,0di4TWXg1myI1gObC3iQWq,6HYZdyHRhgSJ0Lryei7WHA,100
Madmatic,5l8VAzsmLNwn6AmQQuvHO6
Hrdlg,7rQofnkoCSuAAEUhxUcasm
Ndoe,2mpYeHQlF7enJknJTn046n
Dim4ou,6URykZzv72st8HDMcJNrsV
Homelesz,3kIXPyyk1040prcXvkpV6P
PG808,7mS7mxisesmhZi4n3wdzh3
So Called Crew,70OVzo6b4Hw2Hqy4MCRl6u
Born Paid,0KcDrr4TVNa3nxCArOUoC1
Gocata Kangal,79LfvzdMQhTIFoeMC7UBRG
Milioni,5gfs7cBlXLmHdsYgV1IqZ8
Garjoka,2HB7K5UdSuYXmdxsPkK8Tm,16xqdF8BawZwLFvlu8Fgga,5vPUkyzipXu1IZpS4evvZl,100
SIXLQS,0hsGjR8gKk8OlZAVjLStp5
Atchi,3lmEyo5lzirPguyOukeOmi
DGDG,2EXsWHrSDEou0iLEP4hzhV
Amok,6ebcUt6rMVvBNL0R8gSpLa
Wosh MC,380xFbyO8emNrLQ8XLHece
Atila,1B7L0r1bwhOGEOuoIg4gaF
Icaki,3vR6ApbW6jh1Yu6DX6ACck
SplitKid,1k2bSZ6IsNCyr2BI6jrcaR
Tr1ckmusic,6Wp34wT0wEavSjrKpxhkl7,4lAGOvsPrEkbkOjlXneQPZ,100
Atanas Kolev,10iUgMo6V58HTpiZrEnNQu
SkandaU,21Q5VJotowNOhkOD2x2Cti
Torino,47WAtpqR2af9uiq2HWwWNM
Pashata,2YAAnLogLeNYzffelkG6lF
Molec,7H9Le3C3Z6DHOLxZrA3lVr
Krisko,4oopAFtLdKXCoq2XoEjDZD
100 Kila,1eSLQvCYcfd5f1jgxBGbKJ
Upsurt,2tgrhzplXojGi49ikGGaXA
Ustata,6sGqL21vegtgNafT0a7W8q
Spens,4ubUEsQ5s7FJpJthJjvop0,2mQ6wYVc98IHp4UlpaxEZI,100
HSL,0bpHPjDY5b6B3dYVXGvzkx
2bona,3gsp4PXZKqOqaOK166AdMh
EBMC,5GHsecRmUfKTNOhXA3tv4g
5 O'CLOCK,45R8D6I1QXUM3JsfiKB6CZ,3lg8mbThFHmrG3EI73yoi6,100
IMP,1eqIlvq3Tlns4gJ2jGnpbe
NIRA,6bSVXRTtlBmAnuTS1xFJPO
M4STAAMIND,3ZCJsqz2FOPw50gPwlGFVF
Worst,6TntM6PujK7iHc8fMxws5x
Sezy,61Pp7dGuRRvdibIvmD9vro
RUSTY,6IqFX92QGh9baD7wSTQ94D
NZ,4c3G2SIzjj4nHqu7M147Su
NEWAVE,1CZuOAOYQ0wnv2vkodcwbk
42,3mvy1i3PT4OvgHLS8J6d0x
YZTrax,4qURYOtfxf4hnPpkpRpYmS
ACBG,3CeJdPAHrJiuGz0qoTEMNb
ANT!,6Yy50xzec79HN0YsOPBNbs
4EF0,4w7oxT5QMBFoSUTVGnqmHB
Chefo,2E7Qhw9kXY0NnX70KXnVdF
Chavo,31xYgl10UnvzwWl0pHMQFs
E.C.C.C.,5I9pzB9BVdQUdkAr2ye9l5
Ф4,5PcPEzSMPkVQSkzxtNoTRj
Mishell,4M47drOmnvyfjvu7H3TFH2
Martinesko,0Y5DjDymn48ENp1NKx1Ogv
Kapo BNR,1kx2xRmXfB18xK1YUfX2g1,0m41FRX6OXfMpFt21K0i2q,100
donKaWoyan,3oiiGCU00Bx0AW0JFSnD0Q
SAUCE KIDS GANG,7Ah7ps8S6EDjEPiWWRbLW9
MZM13,1ExrnjgxE8kibIl9o9jyAR
SLANINATA,2aRliT204cO36bEIOacfVJ
Exc,1OaM0s7kACi8ir9hAmXege
2FACED,0l4nFNNPd4iGu4NGa8n36A
ТАНГО И КЕ6,6RJDolzOhqotpbLdqnig1v
tsuro,1oX7mFsyGq2Ip6aIOzEyCp
SONI BONANZA,7zmQEIj6XMZV4t2Qiv79v2
VessoU,0Ir6FZsHm17HwKqLAaTz2B
BOZHYDAR,1Fw5MvIYfDCuVZ2B89csvh
KITA,77ObbT1PHacWZMmFye5aDt
THRILL2REAL,4h4OePnbHpFZXQzALnt4Zs
G!,4NAuFNwsRfebwcCodteoC8
MishMash,4khK9KU8Y9fTvKyowyWZ0H
Big Sha,0OAEf9q3CVWozC6OAidXPX
SST,21dDhxm6HACY7m7vzfInMh
Lil Tapi God,3PhOzHj5ZofiLQDFfIpuM5
SHMEKERA,52A634uFOEwce3Y1uvOCoc
Kotenceto,1yxLPqI8RMcczR0u8y9tBf
MIKHAIL,6SlNCmwb9qlx5GIiif19H3
SVETATA TROICA,358IAAADZFQKBQKwgKBGpZ
Skunk G,7GVRU7Xy8tfFsn1ynt0QYf
Niki Kotich,1qPdI0CKhgg4Y2UA4NpMnn
Чукито,335joHBgPkInahFPqXC4yB
Honn Kong,0PI76EETL09IbWphjZaU0Y
Hoodini,0pZGZADU2S1Vnn7wozTXzX,59ahb43nAunN4zXYpfdDqh,7IFGFW8z66ZnhsPfYAH25w,59BLorH8V9YCZTbt32dPC8,7JSTISRZUh2IJ64ZXVdd9T,100
Gumeni Glavi,1BlmVinHFwv9HVFLiuqErS
GBT,36YpqA46rbTJXmttEMOkpQ
2timez.,5waxFLPXWay2SosthxrAZ9
DushkovTwenty4,7vIh91T4jnLVnOJPw0w1L4
Прим,00BeCSiWLZk1ojZPcDZI8e
RARE boi,2iCsO3gRR0nHcrOF5768BP
Bunta,6d8o43xT6GFlEMmeqzLtrW
Dobri Momcheta,4mjuKnfEjCqtN4EeH7GNZn
Hrd,6z9Su8G3J5ghp97GcSCts1
Лошите,428PCe1rG9ruadPNSo5Ulb
Mufasa069,3lXz8nwBGa8sY893p3AnO2
Alex P.,2JPXReBHgWoy6eiRivZ28x
Kay Be,7vejvidBfdXcXTO20OCne1
Thug Slime,2CeSpJpSDU42CUgPdGfyo0
3xfinity,3a8SsMSVGnECTSuHMQWY2j
BDB Goob,5Y2jI8VGtLMG1FoRFiW5bS
EVG,3ZyHVd6VrFM5oS5txgmCvm
Kickdown,4VoxkGR4qwaJbU7iz3jsgu
Elem,6ftdsJeMxieDarx3PKewyj
Grado,4vjd7iEn0jl2BxdUQGvNFO
Bobkata,0msxvaLjlsLIudZFYaRFCP
ArtimoX,5JpF4QyVMOV6pLREvxN0MV
Sami Issa,5vXVNYupFQsbMXpvrKULW6
bobby1kenobi,1KoEX55DXOYGQaahFiaToj
Lil Trippy,06AhaR64KHtQFtcrb1ZMGI
Theo,3FDI5myKMw9HP1X2Gu9m0q
Zeid Zaher,0QmfJST80n8WdgA3ovKVmS
VSLV,4wy95wDaJnGefDHFogBJZM
Bojkov,3fPJeiLpg14frOYC26UEI0
Robi,6mdVQvlAoyqpPcakFvVVnz
Marianoff,1eEQsoShF5WtugoY65IJ3i
Billy Hlapeto,0dz4rGLXin0gvKYqFh7iyI
I.N.I.,564L14VyLz0lmnlpwX2MBw
Itzo Hazarta,11TXwr1USRcwyvnGqxF2rC
VA$,6pxg2PYOxbnKvAXPknXplG
M1taka,6Vt1vb5cutwaXYnWEzx27U
F.O.,5jmUbV4BwbDJYjw2qeRAmI
Rdmk,6GeWo5wN9DSntsnwxIht80
Iskrata,4BgNISEfw70NKXHb9lIB8O
SIIMBAD,3WcBCfqRWAbTm65T6rh6Gq,0398G2LxFramx6i5v99l6x,100
Бате Са,4lUFbCG2nnb22RTUWsa5Cr
COCKY,4rRkwhn0nG8Wzo0uD5XcWw
Roof Rhymez,7G5byPfoLqSgl8lLbPnT5q
DJ Emotion,7hU1OiW4Hiy1K2miSlw2Up
Jentaro,0Eu7EuNjCoeUkk5sdGyOjr
TLay,1uLgd9lH8G8pfQjge4n5QG
Silent City,3deQMp3WaanfDxNgQFjjK7
Fang,2KgSliKOckorQuEHjAa15V
Varna Sound,1Xlb6y48SbGSczTSIcpyja
Kaskata,3g6Mee1GNcFBc3UR78IjQp
Joker Flow,3yT7fuFOer40SFe0PgpdaI
Buch,7L8hQaiedhEZWFGPgMuzRu
DIE LEVA,36rgb2YqVVFQqCk5svmWZx
GERATA,6NYGrAOYRP9sjjEjAZSiMy
Liter Jack,1ldXwIIuVPYAMiK8SOopeo
NikeJIII,5vpRAYgQ2N2Yg4NZzIIjfh
F-act,0VMCJfPqaAbtJxiJm4h7dD
ТАХОМА,4Z7pDQdpVdIxDQwYSt7jNQ
Y A N A,2tgaNPdcqIK4tTnawm5vms
C-MO,5TtjASPMqywhXypxn9wkc1
Trasher,73bGgDEHrSCcPoRYDU5dHR
Paraplanner,1AkiaqTl0Y8dstCObPJlU8
Sarafa,7muP2E25Zcv2Q7ZMpc89FB
Qvkata DLG,3NzS9UwrMG3x66aJzM2jKv
BRO2,5ZgelBxvRIr78Uym8NhgGf
Bobo & the Gang,5em9hRwMvGoWMgXky0lmTy,3CDJDEPttzopv8wG1jx4d1,100
FeeL,0E8VMxH7D0ndqiifGnczbi
Jivaka,7lJDCSdftZdOS7OV5HioXM
Berk Karaah,1Xm7oN0jeyb1uJqlVOlELV
Soulvanish,1HMPciqP7NqsYW3YbGxoEC
Kikata,1lfPFJWG8XHHqZ60tuEEQ5
KBoyz,0rNQFM5Mo2SO2qrOqZ5VZ8
KAMO,2ZDpF2a3Kq2idmOTrIZuvn
DMT,6D7Y80Zj1pKs5rOnEuvCLh
Goro,6s4C0UWAwpZFzZcz4fKasf
Totev,0lAGClLz2LEnheH6jvZEV0
Siimbad,3WcBCfqRWAbTm65T6rh6Gq,0398G2LxFramx6i5v99l6x,100
ERMO,4nSIk9umFQJUd9ITycAbY8
Koce Dqnkov,17b1IW3kNpqXXEFBtXS9yN
LBS,0yKBARqeAlWcBkyr7FS4qo
Mope,03cdY9bVfGCtYtvJj24wbk
Pafboi,5seYR6zTqPagHcQl7ARGGj
Belial,220THaTaWVNh2i7nPfuKMs
Lil Miti,4lQ79o1HEUAaz0XurflaHC
$tumata,2lrdYYnrJY6ogseS6F2qRx
Владислав Керанов,1sifHw6UmQgVdrNgyXZdqF
Yo One,1X8evqGK9z86o7W4tQDi8h
axora!,5M3ehvTgBLGTV6FWiHuy21,4dKtaEpTbjYalXNzakYd1B,100
Fall,2maHWP50tfyUM4DIaC48X3
D-ZastA,7fXmNp2en1bHz7Qq2bUd1S
Divelin,7fbbleMlYAwg84G1CUQyZ7
lunar,4dKtaEpTbjYalXNzakYd1B
Maestill,2URf5ofmse9VK88P3GGMCi
GOGATA,3UqLYH12ATtOslTpWSdKpQ
Tinko,0rStVqKQn54jIS2gXDWGTf
Swurvy,69omsJmw8feSpICRehA4YI
SHIZO,44jAS54byE858CQJ4MiRG9,5o6rPExO6F3ochILOYucFU,100
ANZHEL,6tqAAcEUdIP2whkAD9VnKY
Александър Златев,3v0O2RtlyV3xNEbBEp60jI
VANKATA,4TqDfQsPlmyBEU4uHMdxC0,1bSSUs8YaWubeVEVOutsHw,100
TOFKATA,16ahN2Jm5tQBGv5SqKoY5t
Ziggo Gang,3SGr9QQcnYXTPgb7zjFjvY
TARLI,05cHOKkdK92iMAlbvhgWb4
MUFASA,1BvTDmR0H3r7089Ed5W79P
NA1KEY,3lgFb4gQFqH2r3145uC3Xh
Sfonk,36TxAYognBpIXoZRsCPyV4
L!R!,33vJSMAP60RqCMq0ARkRwA
El Patron,4hOWJ6JqaDFrGMEe6iBBKV
Pepe Shitz,3tV4kBhwAUXV3RE6vJCSnS
Dimo Dimov,2OZptZYZKxmpzuiV1r1FRS
Вантка,5R7Emckoc7zqGHNJOkMxP9
deathstalkercollective,0CWl4Eq6VYO3Jx2KIi6b7n
Hoostile,1ETn7kFLTDpclJ2wysZumu
YUNG ГОДЖИ,0IbXzbGKM90ETONkVEilOk
ANISSTA,3HU0CRcUWivyWApY6RGXoD
SECTY,6ctSNhCpErRAtCNtXQ2wjJ
Sava Bks,61MPfNN3cBcaVL3TWSLbN8
D3MO,6DtXi7NXOdXlIILuCozICR
ATM,4Wvss6tthYpj8q7pfJjAT6
Pepi,1JcqlMEa8HWxcRm8zM5oUR
Колеца,3grWaq2EWKOSb3EZX1nhr3
MoneyMitch,2rZe5rV3lx0S9Up7P3UggD
LU,41sH30xhOSUBdbHqKZ8s5p
OMG Team,3VEEpgAOWYuJHbFFeCBMLP
Protagonista,0wpdYQ7mL0cxSZIBM43Ux1
Andyto,01YU5QzSG8NV5fd2wXK20K
Bisolini,3cMRGibId63TwAy6ELKi8I
Ach0,2IWmFxdH5QZMClAOTKOURw
KIKO,2MDs2LoHJ8flJoJHdr3AYa
Vanki4a,2I8iZ3uMHJy4V5ZN2ulCPF
Emo,7hyIYKHUVuoRH7PlV8sWWS
Dr. Donor,0T7Ff5B5iZSAWZeu3ja6kN
Djekata,6AY7rG4lvo1Ofq2xtFaTeS
Vidrata,7o5exxlIUsAS6o4RUdob7z
Ichko,5JOHqxJ4hz4KjI97IWYae2
Famino,1IzQfiKPyUAyJuwfVBpMfa
Игра на думи,12WQoL6JikjMVtly6GCURf
М!мо,7yUWj0OgRuAoWfHk6cnW9T
St:llz,3NH9RDHvHHOmS7EFSt6q79
#UB7,0UNlufArW3X6wNK8KDNam5
SAUCIN,76evC5CGnmVWb8F7LvPOLj
JIJKO,67jWmUfP53Wss71FuJ8qh6
Phonk Factory,2YQXscwelivmzoEAgne3RZ
Raus,5jMO9HJSrOEjGrddYMRxA8
Insertakick,4H0y0ojlQXvEnn82o18D5s
ГРАДСКИ ЛЕГЕНДИ,2WLtsXg58QcX6lE49Z2CoD
LORA,49seNtZLiIsmAUnnTRQFqE
MD Beddah,6W0G7wH9qHBhU8iPmp55cr
Големия,3kh7txOwNYRvOcDWZLcQJM
Danny Dimitroff,5y2uQAmof1m7XjAWH2b2XV
S1,53mCriDPXgejGMvvtn2tZi
prostoduro,1cl9mrXbdZPQt2LfmRAgkX
P4Y P4LL,4DRi0xcQcGUXiOLuLY0QXK
Dj Mati,3HAngfIBEQcM26czoetGMC
D!do,3337vxlnnLe8Fp4gxoN0Bu
Chibook,3ZWHsET3pnkTf2idJbNEZi
SHANO,28rEoqea9GOtVM1IDV6v2k
МАКАРОВ,2XDb2dr7xEO11F6KfqB9tA
Svinqta Mc,7brktLhm6tzzUvyxF9jQI7
Yulkata,513yH9DkgcRL4voNMSI9ox
Jivotnoto,0xRvdtjYFxAfQlxIhZSUTo
Adnan Beats,1ZQi4OIO9sYLUzCX3GrLzs
ANDREIKATA&MURGAVIQ,65Dt2dpZDBGdtRvSPhwVEN
PAMELA,2RyQ1y74Q6kCAuo3ybBjAQ
Iztochen Blok,5UFgeHN9hLuCodjSTVk8Ox
Martijuana,7ERrTBJcLqiaWQdzUI04Dl
hostile,1azEmOJY9ZwaTCEz3yjtUb
Rusiq,6d4gHdyXbf7gdXxPBWsdvc
Skyxigh,4TvYqH5g8vYrzv4ip9LdZu
EL BUCKET,3urcuocynBOuJN2MtupQJv
Alvx,6gYFsotMMy79qMv588QncR
GRAIFERA,2ArwLvmahM96544hi3y0wB
VNB,2uo0Dv7JFkLew1kPXI4UCz
Yoancho,1CeZAjXDmzbdU7waps307X
Sashhh,3ERkFltw2DWicESZDNV9KD
oddRhymes,1fDNQhWxDRpqvl0N2Zommu
Tinotino,3hjQln6rvP4xJXfy6a9DTP
Vikshanaa,1sYSYOOruQ5nVFWGJlxoXv
Ats,5vos6K4MzhWDaBkyFbsAhy,4vgU2E2MuExsEzMZbYMM2i,100
кикоСОПА,3GT9Hal7qtSXx0gbhaeDVI,3Vg2pnAA4lkxFCbgeFCgXz,100
Faruzy,2dQnohIe97TLAlHkyJdEIQ
XIKSA,10kkNUO0tYBAV6luSc9vWn
Hugo Bae,7JXAwCQ30xTYJI0FfbzIZo
L1ney,0TymNQR74CK6NbH8sRmT7l
YungBobi,6MbPyS15Tv5nURDRU9HIf5
Mirich,0iZx5XnLEUh6klNzIvSnrX
Broke 5ko,27EfiQAx3l2xgTqzPpRN1e
SPASOFF,5x4R2k89nzHAqOSC30ThME
Kid Vendetta,1HZ82fgF499Ccl41e49wgf
DJ 89,4Myv5cixRs6us5scztxcvS
Crispy Beats,6oWx0k6Yy8ID95nkfzQX76
NUNI,4ZdzfCY9Md6hd31TRWL8C9
DEVITZA,0JsqwDbMoHvt8PDJpVQtXi
HATSU,0sdVb4CsJJ3KcpYXHVbrrT
NQMAMKTRL,4eCo3tbAOuajH09j3gU6CC
Phillip,5bQH7HMCi9NM9Vy4rBQst3
Sirfoxy,5Vr853uFhvtbvtdYRGAkY4
Kesh Pronto,5MERTVQA0z2e038pR4HuzP
El Markone,6ymed2WyT3nT7DRm1VrAdI
Ghettorolf,6TGfrqhdhC6SQmil4RQpVd
Worsedaze,1bivQIPFekg2I3n90CLJ8j
Loopermanbeats,0H2jyTspLuMSsKrElG6Yko
RS,6b3FjdfDH2TZo5B0cv4C8K
Traykoff,3wCnlRxqzGMPcqitAvnNdp
Tony Loud,3gezEQmF28w35XiMIcjTFq
Alen,7CQOFhsjrzWmeeKO0e4YLf
NV,0gwY1bSbaIwOUTLaXdUdSO
kabybrayan,5zgUMdO7AsoJkFPvJmmfWY
LMD,1dOTy7aqNlvmqylt8PkIW9
FOMTedkata,4XHrQeYTgefdwk91PJ1LGK
lil\_tigan,0ZXDOEscozLtxntwI71slK
Jankata,4WJZZQUu9E6IasvCSEVNj6
Nasyo Cheria,14hRjnPyJXRdg38ghjQA9H
RBN Records,7fVxoGb4HZRfAfTGSyif6m
Lil Paff & Genshow,0XFIAedcdS1RpRBmJkpQcX
MRP,7wFBZEBfip4Zb9Pcky8aaz
AudioGlitch,4xhRQvPdVuErgyBdaYELQc
KOKICHA LUD,4uEYJBDMTMrhUWyQl2Ljmj
Bobo,6r0YcUb4D28iZMWUKPlBWf
Fury,1NoJcqjaeEWed9cu8s55e5
ELLS,4J8kVmGFYtiMXmWCiubAMF
VSA,7jkZsBTnzOhmIlitmkaxRv
yxn3v,2mBLCSx54qjKkvUC869unp
Nemskiya,2dhkghtisAp4YmklDwS25G
VENUS,24a4S0leZJB72LZ3TTAtRo
gimical,5QjPBc3JyPnrgNNmsgq3G4
Gargata,7g7WvzSD4cqruLO4XDiDbS
GOTVA4A,2yweAxFmL91Qoc184OCeNI
100 Karata,1JttKJPNuu9OQDNkntcpDn
NGXT,6UyLAGcCJ6gdpbw2i9lcsa
2 lica,3KRJE6XBywhd9o40DsAY1z
TEDO,47FJFf808yeAxWmzXJXBqu
NO1NE,734HLAE4kelnwuj4pX1qK1
BABVFACE,5i6DFy6n13ha2m32JDRH5Z
Cairo Gang,7BYpAoUxkxFrVKWJs7y4J9
lorda,2wjTXa5shPYM8RWRMuwiHf
NIKOLAY,14NDubWQ6wDbRylq1DJP4x
NITSOV,74ylUhcCFOKsi0ynwg5VN3
Еско,3IL01VWfeE1YNgqO4zx6ar
Rayse,6TEVZvdpE6NNyIHRAmk3a0
Cray0n,7kEAUSIJpLHTbh1cOZafm6
I$kren,7rliDWFK7eF8OniIFOCgkf
Kapo Verde,0m41FRX6OXfMpFt21K0i2q,1kx2xRmXfB18xK1YUfX2g1,100
icYp,0fCYx2PbwrocaKDHriaqdO
TOMMETO,0a9sWVCh5wqB0G2kOGVNsk
Argirow33,7ispz9DoIb7DdsYWGd9PA8
